group,layer,opponent,n_inputs,mean_logp_margin
F01,0,C1,16,0.0
F01,1,C1,16,-0.032596588134765625
F01,2,C1,16,0.0693359375
F01,3,C1,16,0.16552734375
F01,4,C1,16,-0.0119171142578125
F01,5,C1,16,0.173095703125
F01,6,C1,16,0.13671875
F01,7,C1,16,0.26953125
F01,8,C1,16,0.47900390625
F01,9,C1,16,1.052490234375
F01,10,C1,16,0.01862335205078125
F01,11,C1,16,0.31152331829071045
F01,12,C1,16,-0.05853271484375
F01,13,C1,16,-0.32861387729644775
F01,14,C1,16,0.08203119039535522
F01,15,C1,16,0.671875
F01,16,C1,16,0.1679685115814209
F01,17,C1,16,2.0767822861671448
F01,18,C1,16,1.069580078125
F01,19,C1,16,0.4671018719673157
F01,20,C1,16,1.6476133465766907
F01,21,C1,16,1.804199457168579
F01,22,C1,16,2.213866949081421
F01,23,C1,16,4.885742247104645
F01,24,C1,16,7.609374992549419
F01,25,C1,16,11.50390625
F01,26,C1,16,10.6328125
F01,27,C1,16,10.31640625
F01,28,C1,16,9.94140625
F01,29,C1,16,11.24218750372529
F01,30,C1,16,7.101562514901161
F01,31,C1,16,7.11718750372529
F01,32,C1,16,2.8359375037252903
F02,0,C1,16,0.0
F02,1,C1,16,0.03076171875
F02,2,C1,16,-0.009033203125
F02,3,C1,16,0.128631591796875
F02,4,C1,16,0.038330078125
F02,5,C1,16,0.227783203125
F02,6,C1,16,-0.05277252197265625
F02,7,C1,16,-0.2635495662689209
F02,8,C1,16,-0.0537109375
F02,9,C1,16,-0.2581672668457031
F02,10,C1,16,-0.7646787166595459
F02,11,C1,16,-0.34649622440338135
F02,12,C1,16,-0.4052734375
F02,13,C1,16,-0.0058602094650268555
F02,14,C1,16,0.9301760196685791
F02,15,C1,16,1.3585205078125
F02,16,C1,16,0.7468265295028687
F02,17,C1,16,1.3091888427734375
F02,18,C1,16,1.873016357421875
F02,19,C1,16,1.3214722275733948
F02,20,C1,16,1.53271484375
F02,21,C1,16,1.6186524629592896
F02,22,C1,16,2.2734376192092896
F02,23,C1,16,4.0273436307907104
F02,24,C1,16,7.1953125
F02,25,C1,16,7.06640625
F02,26,C1,16,6.4140625
F02,27,C1,16,6.375000029802322
F02,28,C1,16,6.0859375
F02,29,C1,16,8.15625
F02,30,C1,16,6.60156250372529
F02,31,C1,16,5.4375
F02,32,C1,16,2.0703124962747097
F03,0,C1,16,0.0
F03,1,C1,16,-0.04443359375
F03,2,C1,16,-0.2275390625
F03,3,C1,16,-0.256591796875
F03,4,C1,16,-0.4219226837158203
F03,5,C1,16,-0.7197265625
F03,6,C1,16,-0.5230255126953125
F03,7,C1,16,-0.6974332332611084
F03,8,C1,16,0.033447265625
F03,9,C1,16,0.55224609375
F03,10,C1,16,-0.2373044490814209
F03,11,C1,16,-0.322265625
F03,12,C1,16,-0.70703125
F03,13,C1,16,-0.3619387149810791
F03,14,C1,16,-1.1274418830871582
F03,15,C1,16,-0.4638671875
F03,16,C1,16,-0.22021484375
F03,17,C1,16,-0.18658441305160522
F03,18,C1,16,-0.21917718648910522
F03,19,C1,16,-0.3818359971046448
F03,20,C1,16,-0.1575927734375
F03,21,C1,16,0.554107666015625
F03,22,C1,16,1.044921875
F03,23,C1,16,3.7109375596046448
F03,24,C1,16,5.4140625
F03,25,C1,16,5.5390625
F03,26,C1,16,8.42578125
F03,27,C1,16,9.4375
F03,28,C1,16,11.30078125
F03,29,C1,16,10.60156249627471
F03,30,C1,16,7.07812500372529
F03,31,C1,16,4.749999977648258
F03,32,C1,16,2.3203124925494194
F04,0,C1,16,0.0
F04,1,C1,16,0.03076171875
F04,2,C1,16,0.12957763671875
F04,3,C1,16,0.03369140625
F04,4,C1,16,0.0771484375
F04,5,C1,16,-0.025390684604644775
F04,6,C1,16,0.046234071254730225
F04,7,C1,16,0.275390625
F04,8,C1,16,-0.09027099609375
F04,9,C1,16,-0.66259765625
F04,10,C1,16,-0.48950183391571045
F04,11,C1,16,-0.12329089641571045
F04,12,C1,16,-0.241943359375
F04,13,C1,16,-0.6923826932907104
F04,14,C1,16,-0.5175784826278687
F04,15,C1,16,-0.3642578125
F04,16,C1,16,-1.702636957168579
F04,17,C1,16,0.20262151956558228
F04,18,C1,16,0.9391364455223083
F04,19,C1,16,0.3876953125
F04,20,C1,16,1.17626953125
F04,21,C1,16,1.4267578721046448
F04,22,C1,16,1.654296875
F04,23,C1,16,3.31640625
F04,24,C1,16,4.664062485098839
F04,25,C1,16,5.171875
F04,26,C1,16,5.796875
F04,27,C1,16,5.40625
F04,28,C1,16,5.7734375
F04,29,C1,16,6.09375
F04,30,C1,16,5.65625
F04,31,C1,16,5.2734375
F04,32,C1,16,1.7890624981373549
F05,0,C1,16,0.0
F05,1,C1,16,0.029296875
F05,2,C1,16,0.16552734375
F05,3,C1,16,0.2381877899169922
F05,4,C1,16,0.23249053955078125
F05,5,C1,16,-0.152801513671875
F05,6,C1,16,0.26348876953125
F05,7,C1,16,-0.3339843153953552
F05,8,C1,16,-0.154296875
F05,9,C1,16,0.869873046875
F05,10,C1,16,-0.023924946784973145
F05,11,C1,16,0.8465425968170166
F05,12,C1,16,1.1655882000923157
F05,13,C1,16,0.8453370332717896
F05,14,C1,16,0.33416748046875
F05,15,C1,16,0.86083984375
F05,16,C1,16,1.6888427734375
F05,17,C1,16,2.0830077528953552
F05,18,C1,16,1.1757812798023224
F05,19,C1,16,0.6308594048023224
F05,20,C1,16,1.1152342855930328
F05,21,C1,16,0.6367187201976776
F05,22,C1,16,1.7265625
F05,23,C1,16,4.953125014901161
F05,24,C1,16,9.078125
F05,25,C1,16,10.3046875
F05,26,C1,16,10.05078125
F05,27,C1,16,11.82812499254942
F05,28,C1,16,11.32421875372529
F05,29,C1,16,9.75
F05,30,C1,16,8.3046875
F05,31,C1,16,8.46874999254942
F05,32,C1,16,2.515625
F06,0,C1,16,0.0
F06,1,C1,16,-0.05322265625
F06,2,C1,16,-0.0364990234375
F06,3,C1,16,0.10009765625
F06,4,C1,16,0.22412109375
F06,5,C1,16,0.45550537109375
F06,6,C1,16,0.39367687702178955
F06,7,C1,16,0.5574948787689209
F06,8,C1,16,0.932373046875
F06,9,C1,16,0.97998046875
F06,10,C1,16,0.44216811656951904
F06,11,C1,16,-0.34765589237213135
F06,12,C1,16,0.7255859375
F06,13,C1,16,0.2885739803314209
F06,14,C1,16,-0.2226564884185791
F06,15,C1,16,-0.2849884033203125
F06,16,C1,16,0.24023449420928955
F06,17,C1,16,2.113037109375
F06,18,C1,16,2.1419525146484375
F06,19,C1,16,1.82354736328125
F06,20,C1,16,2.1535338759422302
F06,21,C1,16,2.536457061767578
F06,22,C1,16,2.4711915850639343
F06,23,C1,16,3.6328125298023224
F06,24,C1,16,5.373046919703484
F06,25,C1,16,7.57031250372529
F06,26,C1,16,10.26953125
F06,27,C1,16,10.374999970197678
F06,28,C1,16,9.2421875
F06,29,C1,16,9.19140625372529
F06,30,C1,16,8.7734375
F06,31,C1,16,6.515625029802322
F06,32,C1,16,3.1015625074505806
F07,0,C1,16,0.0
F07,1,C1,16,-0.0732421875
F07,2,C1,16,-0.10400390625
F07,3,C1,16,-0.115966796875
F07,4,C1,16,-0.2510986328125
F07,5,C1,16,-0.104736328125
F07,6,C1,16,0.4161376953125
F07,7,C1,16,-0.3168942928314209
F07,8,C1,16,-0.25732421875
F07,9,C1,16,-0.41015625
F07,10,C1,16,0.19052112102508545
F07,11,C1,16,0.858612060546875
F07,12,C1,16,1.10693359375
F07,13,C1,16,0.43896484375
F07,14,C1,16,0.47821044921875
F07,15,C1,16,0.13085949420928955
F07,16,C1,16,-0.5341792106628418
F07,17,C1,16,1.4590453505516052
F07,18,C1,16,0.0478515625
F07,19,C1,16,0.4091796875
F07,20,C1,16,1.28515625
F07,21,C1,16,0.6992188096046448
F07,22,C1,16,0.8046875
F07,23,C1,16,3.4140625298023224
F07,24,C1,16,8.41406249627471
F07,25,C1,16,11.33203125
F07,26,C1,16,10.58203125
F07,27,C1,16,11.70703124627471
F07,28,C1,16,10.51953125
F07,29,C1,16,9.34375
F07,30,C1,16,5.070312485098839
F07,31,C1,16,5.015625
F07,32,C1,16,2.8203125
F08,0,C1,16,0.0
F08,1,C1,16,0.0908203125
F08,2,C1,16,0.09619140625
F08,3,C1,16,-0.091796875
F08,4,C1,16,-0.082275390625
F08,5,C1,16,0.5295867919921875
F08,6,C1,16,0.4523935317993164
F08,7,C1,16,0.6401369571685791
F08,8,C1,16,1.103271484375
F08,9,C1,16,0.7879638671875
F08,10,C1,16,0.0507810115814209
F08,11,C1,16,-0.08351123332977295
F08,12,C1,16,-0.2940330505371094
F08,13,C1,16,-0.8281246423721313
F08,14,C1,16,-0.44355785846710205
F08,15,C1,16,0.4921417236328125
F08,16,C1,16,0.34863269329071045
F08,17,C1,16,1.9960935711860657
F08,18,C1,16,1.5993651747703552
F08,19,C1,16,1.4218748807907104
F08,20,C1,16,1.16796875
F08,21,C1,16,1.055908203125
F08,22,C1,16,1.043670654296875
F08,23,C1,16,1.4189452528953552
F08,24,C1,16,3.2695311903953552
F08,25,C1,16,9.98828125745058
F08,26,C1,16,10.234375
F08,27,C1,16,10.04687500372529
F08,28,C1,16,9.921875
F08,29,C1,16,8.03125
F08,30,C1,16,5.765625
F08,31,C1,16,3.578125
F08,32,C1,16,1.7656250037252903
F09,0,C1,16,0.0
F09,1,C1,16,-0.04736328125
F09,2,C1,16,-0.1854248046875
F09,3,C1,16,-0.126220703125
F09,4,C1,16,-0.222900390625
F09,5,C1,16,-0.29248046875
F09,6,C1,16,0.041015625
F09,7,C1,16,-0.46191370487213135
F09,8,C1,16,-0.05297839641571045
F09,9,C1,16,-0.1445310115814209
F09,10,C1,16,-0.1665043830871582
F09,11,C1,16,-0.13720738887786865
F09,12,C1,16,0.0380859375
F09,13,C1,16,0.3535158634185791
F09,14,C1,16,-0.21984851360321045
F09,15,C1,16,0.2588481903076172
F09,16,C1,16,0.5797502994537354
F09,17,C1,16,3.6960904598236084
F09,18,C1,16,2.7126464247703552
F09,19,C1,16,1.6215817332267761
F09,20,C1,16,2.379883110523224
F09,21,C1,16,2.1630860567092896
F09,22,C1,16,3.0616455674171448
F09,23,C1,16,5.679687410593033
F09,24,C1,16,7.035156317055225
F09,25,C1,16,8.11328125
F09,26,C1,16,7.5234375
F09,27,C1,16,7.69140625
F09,28,C1,16,7.515625
F09,29,C1,16,7.1875001192092896
F09,30,C1,16,5.43749999627471
F09,31,C1,16,4.296875
F09,32,C1,16,2.3046875037252903
F10,0,C1,16,0.0
F10,1,C1,16,0.031402587890625
F10,2,C1,16,-0.1607646942138672
F10,3,C1,16,0.0978851318359375
F10,4,C1,16,0.0928955078125
F10,5,C1,16,0.3343505859375
F10,6,C1,16,0.554443359375
F10,7,C1,16,-0.17089831829071045
F10,8,C1,16,0.0224609375
F10,9,C1,16,0.1575775146484375
F10,10,C1,16,0.7784421443939209
F10,11,C1,16,0.0386962890625
F10,12,C1,16,0.763214111328125
F10,13,C1,16,0.6557154655456543
F10,14,C1,16,0.224853515625
F10,15,C1,16,0.3338623046875
F10,16,C1,16,0.31652820110321045
F10,17,C1,16,1.0321044921875
F10,18,C1,16,0.8754273056983948
F10,19,C1,16,1.1132811903953552
F10,20,C1,16,1.0234375
F10,21,C1,16,0.37890625
F10,22,C1,16,0.8066407442092896
F10,23,C1,16,1.4277345538139343
F10,24,C1,16,2.0781250298023224
F10,25,C1,16,3.5039063096046448
F10,26,C1,16,5.310546875
F10,27,C1,16,4.980468757450581
F10,28,C1,16,5.041015625
F10,29,C1,16,5.890625
F10,30,C1,16,4.375000014901161
F10,31,C1,16,4.773437507450581
F10,32,C1,16,1.7578124962747097
F11,0,C1,16,0.0
F11,1,C1,16,0.08935546875
F11,2,C1,16,0.32370758056640625
F11,3,C1,16,-0.12353515625
F11,4,C1,16,0.012939453125
F11,5,C1,16,-0.011293411254882812
F11,6,C1,16,0.1044921875
F11,7,C1,16,0.05151355266571045
F11,8,C1,16,0.3037109375
F11,9,C1,16,-0.31707763671875
F11,10,C1,16,-0.0026856660842895508
F11,11,C1,16,-0.158935546875
F11,12,C1,16,1.109130859375
F11,13,C1,16,0.08105480670928955
F11,14,C1,16,1.438964605331421
F11,15,C1,16,1.9880372285842896
F11,16,C1,16,2.3330078125
F11,17,C1,16,1.09991455078125
F11,18,C1,16,1.103019654750824
F11,19,C1,16,1.2094725966453552
F11,20,C1,16,1.244140625
F11,21,C1,16,1.50390625
F11,22,C1,16,1.6933594942092896
F11,23,C1,16,3.77734375
F11,24,C1,16,5.125
F11,25,C1,16,12.765625
F11,26,C1,16,16.2890625
F11,27,C1,16,15.1484375
F11,28,C1,16,14.57421875
F11,29,C1,16,14.3203125
F11,30,C1,16,9.8359375
F11,31,C1,16,10.8828125
F11,32,C1,16,3.2578125
F12,0,C1,16,0.0
F12,1,C1,16,0.12353515625
F12,2,C1,16,0.171600341796875
F12,3,C1,16,0.24072265625
F12,4,C1,16,0.00634765625
F12,5,C1,16,0.171875
F12,6,C1,16,0.39208984375
F12,7,C1,16,0.5888668298721313
F12,8,C1,16,0.84033203125
F12,9,C1,16,1.3046875
F12,10,C1,16,0.412109375
F12,11,C1,16,0.63671875
F12,12,C1,16,0.6573486328125
F12,13,C1,16,-0.00875866413116455
F12,14,C1,16,-0.010986328125
F12,15,C1,16,-1.026641845703125
F12,16,C1,16,-0.775390625
F12,17,C1,16,1.0625305771827698
F12,18,C1,16,0.9652099609375
F12,19,C1,16,0.72900390625
F12,20,C1,16,1.2127685546875
F12,21,C1,16,1.5234375
F12,22,C1,16,2.0751952528953552
F12,23,C1,16,3.9863280951976776
F12,24,C1,16,5.464843764901161
F12,25,C1,16,8.2421875
F12,26,C1,16,7.011718764901161
F12,27,C1,16,7.6484375
F12,28,C1,16,7.2578125
F12,29,C1,16,7.1640625
F12,30,C1,16,4.89062499627471
F12,31,C1,16,5.21875
F12,32,C1,16,2.1015624925494194
F01,0,C2,16,0.201171875
F01,1,C2,16,0.7183303833007812
F01,2,C2,16,0.51220703125
F01,3,C2,16,1.749755859375
F01,4,C2,16,0.96044921875
F01,5,C2,16,1.4886627197265625
F01,6,C2,16,2.537353515625
F01,7,C2,16,0.3111572265625
F01,8,C2,16,-0.75592041015625
F01,9,C2,16,1.0052490234375
F01,10,C2,16,-0.66650390625
F01,11,C2,16,1.1300048828125
F01,12,C2,16,-3.1630249619483948
F01,13,C2,16,-1.8017579317092896
F01,14,C2,16,6.182556211948395
F01,15,C2,16,6.849044561386108
F01,16,C2,16,5.471679508686066
F01,17,C2,16,5.79595947265625
F01,18,C2,16,6.067619323730469
F01,19,C2,16,7.866210699081421
F01,20,C2,16,7.2890625
F01,21,C2,16,9.741149961948395
F01,22,C2,16,7.2626954317092896
F01,23,C2,16,8.046875
F01,24,C2,16,9.101562514901161
F01,25,C2,16,10.867187455296516
F01,26,C2,16,13.05859375
F01,27,C2,16,11.640625
F01,28,C2,16,7.8359375
F01,29,C2,16,15.3125
F01,30,C2,16,10.953124970197678
F01,31,C2,16,11.078124940395355
F01,32,C2,16,2.7265624962747097
F02,0,C2,16,-0.24688720703125
F02,1,C2,16,0.522064208984375
F02,2,C2,16,0.06775474548339844
F02,3,C2,16,0.26114654541015625
F02,4,C2,16,-0.269287109375
F02,5,C2,16,1.5426025390625
F02,6,C2,16,1.2777099609375
F02,7,C2,16,-1.0593258142471313
F02,8,C2,16,-1.998046875
F02,9,C2,16,-1.12738037109375
F02,10,C2,16,1.7148590087890625
F02,11,C2,16,0.4106597900390625
F02,12,C2,16,-1.67523193359375
F02,13,C2,16,1.227050542831421
F02,14,C2,16,2.3215028643608093
F02,15,C2,16,3.7499999403953552
F02,16,C2,16,2.0650025010108948
F02,17,C2,16,3.3713380098342896
F02,18,C2,16,2.7348633408546448
F02,19,C2,16,4.410400331020355
F02,20,C2,16,4.3125
F02,21,C2,16,6.043945252895355
F02,22,C2,16,5.238281190395355
F02,23,C2,16,7.613281190395355
F02,24,C2,16,10.910156279802322
F02,25,C2,16,3.1562500298023224
F02,26,C2,16,6.79296875
F02,27,C2,16,6.56640625
F02,28,C2,16,5.7890625
F02,29,C2,16,17.60156226158142
F02,30,C2,16,10.4140625
F02,31,C2,16,8.859374970197678
F02,32,C2,16,2.3046874962747097
F03,0,C2,16,-4.51171875
F03,1,C2,16,0.0498046875
F03,2,C2,16,0.33758544921875
F03,3,C2,16,-0.161376953125
F03,4,C2,16,-1.3768558502197266
F03,5,C2,16,-0.063995361328125
F03,6,C2,16,-0.4276275634765625
F03,7,C2,16,-0.2427823543548584
F03,8,C2,16,0.2408447265625
F03,9,C2,16,1.8616943359375
F03,10,C2,16,-0.00976574420928955
F03,11,C2,16,-0.844589114189148
F03,12,C2,16,-0.791259765625
F03,13,C2,16,1.1090087890625
F03,14,C2,16,2.507011294364929
F03,15,C2,16,2.1148682832717896
F03,16,C2,16,2.4360997676849365
F03,17,C2,16,4.4013673067092896
F03,18,C2,16,4.3587034940719604
F03,19,C2,16,4.887695550918579
F03,20,C2,16,5.159606993198395
F03,21,C2,16,6.604125916957855
F03,22,C2,16,6.138671875
F03,23,C2,16,7.19140625
F03,24,C2,16,8.130859315395355
F03,25,C2,16,5.734375014901161
F03,26,C2,16,11.33203125
F03,27,C2,16,13.70703125
F03,28,C2,16,18.265625
F03,29,C2,16,15.925781309604645
F03,30,C2,16,10.437500059604645
F03,31,C2,16,8.296875
F03,32,C2,16,2.156249977648258
F04,0,C2,16,0.078125
F04,1,C2,16,0.713714599609375
F04,2,C2,16,0.41754150390625
F04,3,C2,16,0.923004150390625
F04,4,C2,16,-0.02811431884765625
F04,5,C2,16,1.3267059326171875
F04,6,C2,16,1.567138671875
F04,7,C2,16,0.808349609375
F04,8,C2,16,-1.5113868713378906
F04,9,C2,16,-2.8699951171875
F04,10,C2,16,-3.0026854276657104
F04,11,C2,16,-3.352050542831421
F04,12,C2,16,-3.1503830552101135
F04,13,C2,16,-1.0201417207717896
F04,14,C2,16,2.5165404081344604
F04,15,C2,16,4.072875916957855
F04,16,C2,16,4.120605111122131
F04,17,C2,16,5.616622745990753
F04,18,C2,16,5.493408203125
F04,19,C2,16,5.4638671875
F04,20,C2,16,6.031249940395355
F04,21,C2,16,7.808593809604645
F04,22,C2,16,5.9443359375
F04,23,C2,16,7.552734404802322
F04,24,C2,16,9.675781190395355
F04,25,C2,16,9.369140610098839
F04,26,C2,16,12.375
F04,27,C2,16,12.62890613079071
F04,28,C2,16,14.503906190395355
F04,29,C2,16,12.1171875
F04,30,C2,16,10.7890625
F04,31,C2,16,9.32031238079071
F04,32,C2,16,3.46875
F05,0,C2,16,7.4296875
F05,1,C2,16,1.5435943603515625
F05,2,C2,16,0.6619148254394531
F05,3,C2,16,0.1435546875
F05,4,C2,16,0.01416015625
F05,5,C2,16,-0.088623046875
F05,6,C2,16,-0.6181640625
F05,7,C2,16,0.0626220703125
F05,8,C2,16,-0.54638671875
F05,9,C2,16,1.06195068359375
F05,10,C2,16,0.722412109375
F05,11,C2,16,2.5200960636138916
F05,12,C2,16,3.171440005302429
F05,13,C2,16,6.631591558456421
F05,14,C2,16,4.585334897041321
F05,15,C2,16,6.519210875034332
F05,16,C2,16,6.060058534145355
F05,17,C2,16,7.219909727573395
F05,18,C2,16,5.6494139432907104
F05,19,C2,16,7.508300870656967
F05,20,C2,16,8.526367276906967
F05,21,C2,16,11.633300840854645
F05,22,C2,16,8.98242199420929
F05,23,C2,16,11.53515613079071
F05,24,C2,16,13.185546875
F05,25,C2,16,11.484375
F05,26,C2,16,13.306640625
F05,27,C2,16,14.6328125
F05,28,C2,16,15.8671875
F05,29,C2,16,15.632812440395355
F05,30,C2,16,15.2109375
F05,31,C2,16,16.609374970197678
F05,32,C2,16,4.515625
F06,0,C2,16,-6.7099609375
F06,1,C2,16,-0.958350658416748
F06,2,C2,16,-1.3209228515625
F06,3,C2,16,-2.05120849609375
F06,4,C2,16,-2.561279296875
F06,5,C2,16,-2.2363281846046448
F06,6,C2,16,-2.5551757216453552
F06,7,C2,16,-2.5534058213233948
F06,8,C2,16,-3.4642257690429688
F06,9,C2,16,-1.15234375
F06,10,C2,16,-1.591796875
F06,11,C2,16,-0.8007221221923828
F06,12,C2,16,-3.394153654575348
F06,13,C2,16,-4.599609613418579
F06,14,C2,16,-0.3125304579734802
F06,15,C2,16,1.4201661348342896
F06,16,C2,16,-2.339843511581421
F06,17,C2,16,0.77001953125
F06,18,C2,16,1.5035249590873718
F06,19,C2,16,2.9035642743110657
F06,20,C2,16,6.3509521484375
F06,21,C2,16,8.625976324081421
F06,22,C2,16,6.050781309604645
F06,23,C2,16,7.140625059604645
F06,24,C2,16,7.080078214406967
F06,25,C2,16,4.02734375
F06,26,C2,16,12.46484375
F06,27,C2,16,12.285156190395355
F06,28,C2,16,12.132812470197678
F06,29,C2,16,9.18359375
F06,30,C2,16,6.4375
F06,31,C2,16,6.656249985098839
F06,32,C2,16,2.3359374925494194
F07,0,C2,16,3.033203125
F07,1,C2,16,0.981201171875
F07,2,C2,16,0.903564453125
F07,3,C2,16,0.455810546875
F07,4,C2,16,0.256591796875
F07,5,C2,16,1.708099365234375
F07,6,C2,16,1.1202392578125
F07,7,C2,16,2.139892578125
F07,8,C2,16,3.42523193359375
F07,9,C2,16,2.1113739013671875
F07,10,C2,16,2.2001953125
F07,11,C2,16,2.9363099336624146
F07,12,C2,16,2.1977386474609375
F07,13,C2,16,2.7150877714157104
F07,14,C2,16,5.4700316190719604
F07,15,C2,16,5.66012579202652
F07,16,C2,16,1.5205079913139343
F07,17,C2,16,3.978271484375
F07,18,C2,16,2.5620117783546448
F07,19,C2,16,4.686523377895355
F07,20,C2,16,4.371093660593033
F07,21,C2,16,5.053710877895355
F07,22,C2,16,3.9238283038139343
F07,23,C2,16,6.21875
F07,24,C2,16,8.95703125
F07,25,C2,16,9.363281279802322
F07,26,C2,16,8.917968720197678
F07,27,C2,16,11.60546875
F07,28,C2,16,11.46875
F07,29,C2,16,12.515625
F07,30,C2,16,7.582031220197678
F07,31,C2,16,6.421875
F07,32,C2,16,2.468749988824129
F08,0,C2,16,3.914062261581421
F08,1,C2,16,1.852447509765625
F08,2,C2,16,0.5177001953125
F08,3,C2,16,0.043701171875
F08,4,C2,16,-1.0091552734375
F08,5,C2,16,-0.3453368544578552
F08,6,C2,16,-0.001708984375
F08,7,C2,16,0.28015124797821045
F08,8,C2,16,-0.1666259765625
F08,9,C2,16,0.6128845810890198
F08,10,C2,16,2.0322265625
F08,11,C2,16,-0.0203249454498291
F08,12,C2,16,-2.6259307861328125
F08,13,C2,16,-1.9677733182907104
F08,14,C2,16,-0.48095691204071045
F08,15,C2,16,0.9470057487487793
F08,16,C2,16,2.3793946504592896
F08,17,C2,16,3.5107420086860657
F08,18,C2,16,2.1787109375
F08,19,C2,16,4.7119140625
F08,20,C2,16,4.695495665073395
F08,21,C2,16,7.119354248046875
F08,22,C2,16,5.2128907442092896
F08,23,C2,16,5.300781190395355
F08,24,C2,16,5.156249910593033
F08,25,C2,16,13.128906354308128
F08,26,C2,16,13.999999970197678
F08,27,C2,16,11.48046875
F08,28,C2,16,14.667968809604645
F08,29,C2,16,11.9921875
F08,30,C2,16,8.40234375
F08,31,C2,16,6.882812559604645
F08,32,C2,16,2.0703125
F09,0,C2,16,-2.71875
F09,1,C2,16,-0.2364501953125
F09,2,C2,16,-0.2115478515625
F09,3,C2,16,0.0348663330078125
F09,4,C2,16,-0.19384765625
F09,5,C2,16,0.2326812744140625
F09,6,C2,16,-0.33575439453125
F09,7,C2,16,-1.864501953125
F09,8,C2,16,-2.1064605712890625
F09,9,C2,16,-2.1022948622703552
F09,10,C2,16,-0.18823254108428955
F09,11,C2,16,0.8161617517471313
F09,12,C2,16,-1.3168182373046875
F09,13,C2,16,2.12845242023468
F09,14,C2,16,2.8154826760292053
F09,15,C2,16,5.592222094535828
F09,16,C2,16,3.6533204913139343
F09,17,C2,16,4.79638671875
F09,18,C2,16,3.4774170517921448
F09,19,C2,16,4.4301756620407104
F09,20,C2,16,4.677734464406967
F09,21,C2,16,5.431640625
F09,22,C2,16,4.708618074655533
F09,23,C2,16,7.650390654802322
F09,24,C2,16,9.2578125
F09,25,C2,16,7.2597655057907104
F09,26,C2,16,9.28515625
F09,27,C2,16,9.468749970197678
F09,28,C2,16,9.589843720197678
F09,29,C2,16,16.328125
F09,30,C2,16,8.43749999254942
F09,31,C2,16,9.1640625
F09,32,C2,16,3.2265625
F10,0,C2,16,-1.91015625
F10,1,C2,16,-0.545379638671875
F10,2,C2,16,-0.931610107421875
F10,3,C2,16,0.22216796875
F10,4,C2,16,-0.547119140625
F10,5,C2,16,0.2116851806640625
F10,6,C2,16,0.04876708984375
F10,7,C2,16,-1.803955078125
F10,8,C2,16,-2.3505859375
F10,9,C2,16,-1.2072601318359375
F10,10,C2,16,-2.2758787870407104
F10,11,C2,16,-2.2633285522460938
F10,12,C2,16,-2.52886962890625
F10,13,C2,16,-3.5449219942092896
F10,14,C2,16,0.46617138385772705
F10,15,C2,16,0.8988037109375
F10,16,C2,16,1.9471434354782104
F10,17,C2,16,2.3515625596046448
F10,18,C2,16,3.0146484971046448
F10,19,C2,16,5.440429747104645
F10,20,C2,16,5.214111506938934
F10,21,C2,16,7.69873046875
F10,22,C2,16,4.570312559604645
F10,23,C2,16,4.8300782442092896
F10,24,C2,16,3.8984375298023224
F10,25,C2,16,2.257812514901161
F10,26,C2,16,9.406249970197678
F10,27,C2,16,9.41796875
F10,28,C2,16,8.257812559604645
F10,29,C2,16,9.714843809604645
F10,30,C2,16,7.45703125
F10,31,C2,16,8.65625
F10,32,C2,16,2.882812488824129
F11,0,C2,16,-2.28515625
F11,1,C2,16,-0.1842193603515625
F11,2,C2,16,-0.33530426025390625
F11,3,C2,16,-0.7324981689453125
F11,4,C2,16,-1.760498046875
F11,5,C2,16,-1.6443500518798828
F11,6,C2,16,-0.6843414306640625
F11,7,C2,16,-0.51812744140625
F11,8,C2,16,-1.525177001953125
F11,9,C2,16,-0.1615581512451172
F11,10,C2,16,2.3095703125
F11,11,C2,16,1.0059890747070312
F11,12,C2,16,1.9422340393066406
F11,13,C2,16,2.730224847793579
F11,14,C2,16,5.55096435546875
F11,15,C2,16,5.8062742948532104
F11,16,C2,16,7.1572264432907104
F11,17,C2,16,5.360839903354645
F11,18,C2,16,5.268211245536804
F11,19,C2,16,7.5122069120407104
F11,20,C2,16,7.8242186307907104
F11,21,C2,16,11.336425542831421
F11,22,C2,16,8.07788074016571
F11,23,C2,16,8.32519543170929
F11,24,C2,16,7.839843779802322
F11,25,C2,16,11.152343735098839
F11,26,C2,16,18.49609375
F11,27,C2,16,16.90234375
F11,28,C2,16,14.51171875
F11,29,C2,16,14.91796875
F11,30,C2,16,9.328124970197678
F11,31,C2,16,11.4921875
F11,32,C2,16,2.953124985098839
F12,0,C2,16,-3.07421875
F12,1,C2,16,-1.084686279296875
F12,2,C2,16,-0.7850341796875
F12,3,C2,16,-0.1328125
F12,4,C2,16,-0.969970703125
F12,5,C2,16,-1.250335693359375
F12,6,C2,16,-2.5417405366897583
F12,7,C2,16,-1.3782960772514343
F12,8,C2,16,-0.94488525390625
F12,9,C2,16,-2.80029296875
F12,10,C2,16,-3.8994140625
F12,11,C2,16,-3.6125295162200928
F12,12,C2,16,-1.548095703125
F12,13,C2,16,-1.0478515625
F12,14,C2,16,2.2159727215766907
F12,15,C2,16,0.05096447467803955
F12,16,C2,16,1.60546875
F12,17,C2,16,2.2528076171875
F12,18,C2,16,2.8175050020217896
F12,19,C2,16,4.6010743379592896
F12,20,C2,16,3.95648193359375
F12,21,C2,16,6.8413087129592896
F12,22,C2,16,4.031250059604645
F12,23,C2,16,5.806640595197678
F12,24,C2,16,7.082031309604645
F12,25,C2,16,8.902343660593033
F12,26,C2,16,8.4921875
F12,27,C2,16,11.57421875
F12,28,C2,16,12.058593839406967
F12,29,C2,16,13.835937440395355
F12,30,C2,16,7.75781249627471
F12,31,C2,16,9.6171875
F12,32,C2,16,3.3046875074505806
F01,0,C3,16,-1.728515625
F01,1,C3,16,1.8385181427001953
F01,2,C3,16,0.651611328125
F01,3,C3,16,1.0145263671875
F01,4,C3,16,0.48828887939453125
F01,5,C3,16,0.8193283081054688
F01,6,C3,16,4.323486328125
F01,7,C3,16,0.343841552734375
F01,8,C3,16,-1.6123046875
F01,9,C3,16,-1.511902093887329
F01,10,C3,16,-3.869125485420227
F01,11,C3,16,-1.9981690645217896
F01,12,C3,16,-3.1933594346046448
F01,13,C3,16,-7.7998046875
F01,14,C3,16,-4.24057012796402
F01,15,C3,16,-2.6428221464157104
F01,16,C3,16,-5.761657893657684
F01,17,C3,16,1.0049439072608948
F01,18,C3,16,3.7174071669578552
F01,19,C3,16,2.999642252922058
F01,20,C3,16,5.744994938373566
F01,21,C3,16,6.2868653535842896
F01,22,C3,16,5.537109136581421
F01,23,C3,16,10.143554747104645
F01,24,C3,16,12.957031264901161
F01,25,C3,16,29.117187440395355
F01,26,C3,16,26.853515625
F01,27,C3,16,24.314453125
F01,28,C3,16,19.783203154802322
F01,29,C3,16,24.3359375
F01,30,C3,16,20.578125
F01,31,C3,16,19.13671875
F01,32,C3,16,7.4453125
F02,0,C3,16,-2.91717529296875
F02,1,C3,16,-1.31982421875
F02,2,C3,16,-1.425018310546875
F02,3,C3,16,-1.546722412109375
F02,4,C3,16,-1.49859619140625
F02,5,C3,16,0.925537109375
F02,6,C3,16,2.392333984375
F02,7,C3,16,1.2525029182434082
F02,8,C3,16,0.38369762897491455
F02,9,C3,16,0.6536864042282104
F02,10,C3,16,2.2223052978515625
F02,11,C3,16,0.8108521699905396
F02,12,C3,16,-0.690185546875
F02,13,C3,16,4.679198980331421
F02,14,C3,16,0.9985963106155396
F02,15,C3,16,0.7642822265625
F02,16,C3,16,0.32867431640625
F02,17,C3,16,2.2252044677734375
F02,18,C3,16,2.2070311903953552
F02,19,C3,16,-0.2924193739891052
F02,20,C3,16,-0.0185546875
F02,21,C3,16,-1.2558593153953552
F02,22,C3,16,1.7109375
F02,23,C3,16,7.871093720197678
F02,24,C3,16,13.769531279802322
F02,25,C3,16,10.687500037252903
F02,26,C3,16,10.101562470197678
F02,27,C3,16,10.425781309604645
F02,28,C3,16,8.539062444120646
F02,29,C3,16,30.79687476158142
F02,30,C3,16,19.246093690395355
F02,31,C3,16,10.507812440395355
F02,32,C3,16,5.890624985098839
F03,0,C3,16,-4.93359375
F03,1,C3,16,0.46826171875
F03,2,C3,16,1.2531843185424805
F03,3,C3,16,0.2962646484375
F03,4,C3,16,-0.6843967437744141
F03,5,C3,16,0.2574976682662964
F03,6,C3,16,-0.2679290771484375
F03,7,C3,16,-0.706527829170227
F03,8,C3,16,0.819091796875
F03,9,C3,16,1.078857421875
F03,10,C3,16,-2.7219239473342896
F03,11,C3,16,-0.569091796875
F03,12,C3,16,-3.622314453125
F03,13,C3,16,-2.422119379043579
F03,14,C3,16,-2.189514398574829
F03,15,C3,16,-0.160888671875
F03,16,C3,16,-4.191406011581421
F03,17,C3,16,-3.3202515244483948
F03,18,C3,16,0.020080626010894775
F03,19,C3,16,-3.0539551377296448
F03,20,C3,16,-0.9742279648780823
F03,21,C3,16,-1.7459717392921448
F03,22,C3,16,1.6757812798023224
F03,23,C3,16,3.97265625
F03,24,C3,16,6.102539032697678
F03,25,C3,16,11.259765625
F03,26,C3,16,21.15625
F03,27,C3,16,19.51171875
F03,28,C3,16,17.00390625
F03,29,C3,16,17.87890625
F03,30,C3,16,15.339843723922968
F03,31,C3,16,10.96875
F03,32,C3,16,6.109374977648258
F04,0,C3,16,-7.203125
F04,1,C3,16,-2.58984375
F04,2,C3,16,-2.58380126953125
F04,3,C3,16,-3.15087890625
F04,4,C3,16,-3.4224853515625
F04,5,C3,16,-3.0805664658546448
F04,6,C3,16,-1.81256103515625
F04,7,C3,16,-2.50048828125
F04,8,C3,16,-3.694671630859375
F04,9,C3,16,-4.02880859375
F04,10,C3,16,-7.381591320037842
F04,11,C3,16,-10.451058745384216
F04,12,C3,16,-3.953643798828125
F04,13,C3,16,-6.8066407442092896
F04,14,C3,16,-9.1845703125
F04,15,C3,16,-6.0984498262405396
F04,16,C3,16,-4.521728515625
F04,17,C3,16,0.6031341552734375
F04,18,C3,16,0.29119861125946045
F04,19,C3,16,-0.5810548067092896
F04,20,C3,16,-0.38671875
F04,21,C3,16,-3.1035155057907104
F04,22,C3,16,0.2109375
F04,23,C3,16,3.410156339406967
F04,24,C3,16,8.236328050494194
F04,25,C3,16,14.550781279802322
F04,26,C3,16,12.95703125
F04,27,C3,16,14.486328125
F04,28,C3,16,18.27734375
F04,29,C3,16,18.6328125
F04,30,C3,16,20.7265625
F04,31,C3,16,14.42968738079071
F04,32,C3,16,7.03125
F05,0,C3,16,8.171875
F05,1,C3,16,0.75732421875
F05,2,C3,16,0.12548828125
F05,3,C3,16,0.37225341796875
F05,4,C3,16,0.32163047790527344
F05,5,C3,16,0.6787567138671875
F05,6,C3,16,0.136962890625
F05,7,C3,16,2.9580079317092896
F05,8,C3,16,2.6257933378219604
F05,9,C3,16,3.63037109375
F05,10,C3,16,4.016480088233948
F05,11,C3,16,4.603515863418579
F05,12,C3,16,6.230819523334503
F05,13,C3,16,9.760192692279816
F05,14,C3,16,2.38372802734375
F05,15,C3,16,1.949737548828125
F05,16,C3,16,1.82293701171875
F05,17,C3,16,4.39697265625
F05,18,C3,16,2.271484375
F05,19,C3,16,1.6757813096046448
F05,20,C3,16,3.1416015625
F05,21,C3,16,3.5498047471046448
F05,22,C3,16,5.305664151906967
F05,23,C3,16,10.76464830338955
F05,24,C3,16,18.7734375
F05,25,C3,16,21.408203125
F05,26,C3,16,21.677734375
F05,27,C3,16,26.0390625
F05,28,C3,16,23.13671875
F05,29,C3,16,26.69140625
F05,30,C3,16,20.59765625
F05,31,C3,16,21.9375
F05,32,C3,16,7.7421875
F06,0,C3,16,-20.31152319908142
F06,1,C3,16,-3.138885498046875
F06,2,C3,16,-2.1400604248046875
F06,3,C3,16,-3.797863006591797
F06,4,C3,16,-2.98583984375
F06,5,C3,16,-5.796630859375
F06,6,C3,16,-6.6339110136032104
F06,7,C3,16,-6.1637572050094604
F06,8,C3,16,-4.57373046875
F06,9,C3,16,-1.66162109375
F06,10,C3,16,-7.3073577880859375
F06,11,C3,16,-4.873046875
F06,12,C3,16,-1.7958985567092896
F06,13,C3,16,-11.229370474815369
F06,14,C3,16,-6.7436524629592896
F06,15,C3,16,-3.1808929443359375
F06,16,C3,16,-8.612060308456421
F06,17,C3,16,-1.3551024198532104
F06,18,C3,16,-0.15882867574691772
F06,19,C3,16,-4.03964227437973
F06,20,C3,16,0.7433775067329407
F06,21,C3,16,0.9997444748878479
F06,22,C3,16,2.4477539658546448
F06,23,C3,16,5.263671815395355
F06,24,C3,16,7.615234375
F06,25,C3,16,6.38671875372529
F06,26,C3,16,21.308593809604645
F06,27,C3,16,19.589843690395355
F06,28,C3,16,17.5546875
F06,29,C3,16,13.671875029802322
F06,30,C3,16,13.351562440395355
F06,31,C3,16,10.906250059604645
F06,32,C3,16,6.3203125
F07,0,C3,16,0.560546875
F07,1,C3,16,0.4677734375
F07,2,C3,16,0.3365478515625
F07,3,C3,16,0.034423828125
F07,4,C3,16,0.3330078125
F07,5,C3,16,0.9810409545898438
F07,6,C3,16,1.52911376953125
F07,7,C3,16,-1.0550535917282104
F07,8,C3,16,1.047119140625
F07,9,C3,16,-0.2926025390625
F07,10,C3,16,0.13623046875
F07,11,C3,16,1.6904298067092896
F07,12,C3,16,1.22772216796875
F07,13,C3,16,-0.541015625
F07,14,C3,16,-2.8300172090530396
F07,15,C3,16,-3.55914306640625
F07,16,C3,16,-7.223174870014191
F07,17,C3,16,-0.5323028564453125
F07,18,C3,16,1.0463867783546448
F07,19,C3,16,-1.3173828125
F07,20,C3,16,1.2167968451976776
F07,21,C3,16,-0.8779296875
F07,22,C3,16,0.9648437201976776
F07,23,C3,16,5.224609404802322
F07,24,C3,16,14.45703125
F07,25,C3,16,30.552734375
F07,26,C3,16,25.042968809604645
F07,27,C3,16,25.357421875
F07,28,C3,16,24.05859375
F07,29,C3,16,22.013671875
F07,30,C3,16,10.77734375
F07,31,C3,16,9.91796875
F07,32,C3,16,6.8984375
F08,0,C3,16,10.531249523162842
F08,1,C3,16,2.18115234375
F08,2,C3,16,0.693359375
F08,3,C3,16,-1.324462890625
F08,4,C3,16,-1.3170166015625
F08,5,C3,16,-1.3899078369140625
F08,6,C3,16,-0.32573699951171875
F08,7,C3,16,1.0233765840530396
F08,8,C3,16,2.3012694120407104
F08,9,C3,16,2.5368653535842896
F08,10,C3,16,6.038207769393921
F08,11,C3,16,0.974945068359375
F08,12,C3,16,-0.3006249666213989
F08,13,C3,16,0.6679686307907104
F08,14,C3,16,-1.877654790878296
F08,15,C3,16,-3.0146941542625427
F08,16,C3,16,2.004261016845703
F08,17,C3,16,5.9376219511032104
F08,18,C3,16,5.236236572265625
F08,19,C3,16,5.487304627895355
F08,20,C3,16,3.9110715985298157
F08,21,C3,16,4.381103456020355
F08,22,C3,16,4.485839903354645
F08,23,C3,16,5.8164061307907104
F08,24,C3,16,8.04931628704071
F08,25,C3,16,31.058593809604645
F08,26,C3,16,24.421875
F08,27,C3,16,23.1640625
F08,28,C3,16,20.615234375
F08,29,C3,16,21.478515625
F08,30,C3,16,17.615234345197678
F08,31,C3,16,10.687500059604645
F08,32,C3,16,5.101562529802322
F09,0,C3,16,0.1796875
F09,1,C3,16,-0.39013671875
F09,2,C3,16,0.20660400390625
F09,3,C3,16,0.24517822265625
F09,4,C3,16,0.9992523193359375
F09,5,C3,16,1.374267578125
F09,6,C3,16,2.9344482421875
F09,7,C3,16,2.1004788875579834
F09,8,C3,16,3.112060546875
F09,9,C3,16,1.6643675565719604
F09,10,C3,16,3.806213140487671
F09,11,C3,16,2.4949337244033813
F09,12,C3,16,0.979278564453125
F09,13,C3,16,4.283081293106079
F09,14,C3,16,3.1120604276657104
F09,15,C3,16,0.5634441375732422
F09,16,C3,16,1.0111464262008667
F09,17,C3,16,7.145156741142273
F09,18,C3,16,7.277343928813934
F09,19,C3,16,7.1293944120407104
F09,20,C3,16,9.726074457168579
F09,21,C3,16,7.7216798067092896
F09,22,C3,16,8.7366943359375
F09,23,C3,16,12.14440906047821
F09,24,C3,16,13.661132879555225
F09,25,C3,16,20.099609375
F09,26,C3,16,18.622070252895355
F09,27,C3,16,17.812499970197678
F09,28,C3,16,15.812499970197678
F09,29,C3,16,16.41796875
F09,30,C3,16,12.64453125
F09,31,C3,16,11.5
F09,32,C3,16,6.32812500372529
F10,0,C3,16,-4.18359375
F10,1,C3,16,-1.4257354736328125
F10,2,C3,16,-1.3257637023925781
F10,3,C3,16,-2.1715240478515625
F10,4,C3,16,-1.7044677734375
F10,5,C3,16,-2.03277587890625
F10,6,C3,16,-1.989990234375
F10,7,C3,16,-4.4296875
F10,8,C3,16,-3.0350341796875
F10,9,C3,16,-1.0810089111328125
F10,10,C3,16,1.7788699865341187
F10,11,C3,16,-2.24658203125
F10,12,C3,16,-1.9330443739891052
F10,13,C3,16,-0.422607421875
F10,14,C3,16,-2.1582030057907104
F10,15,C3,16,1.5739135146141052
F10,16,C3,16,0.7752686142921448
F10,17,C3,16,1.3492432236671448
F10,18,C3,16,0.3232422471046448
F10,19,C3,16,0.6944275498390198
F10,20,C3,16,2.7913514375686646
F10,21,C3,16,1.9914550185203552
F10,22,C3,16,0.0908203125
F10,23,C3,16,2.3164063692092896
F10,24,C3,16,3.22265625
F10,25,C3,16,7.201171919703484
F10,26,C3,16,19.445312470197678
F10,27,C3,16,18.759765625
F10,28,C3,16,17.505859404802322
F10,29,C3,16,17.746093690395355
F10,30,C3,16,10.277343720197678
F10,31,C3,16,11.437500044703484
F10,32,C3,16,6.1484375
F11,0,C3,16,5.87890625
F11,1,C3,16,0.43988037109375
F11,2,C3,16,-0.2512359619140625
F11,3,C3,16,-2.337890625
F11,4,C3,16,-2.3028564453125
F11,5,C3,16,-4.14824104309082
F11,6,C3,16,-4.296875
F11,7,C3,16,-0.6364747285842896
F11,8,C3,16,-0.2705078125
F11,9,C3,16,-1.3879318237304688
F11,10,C3,16,0.6207618713378906
F11,11,C3,16,-2.9941407442092896
F11,12,C3,16,-0.152496337890625
F11,13,C3,16,-1.151916265487671
F11,14,C3,16,-2.1694337129592896
F11,15,C3,16,-2.8025513887405396
F11,16,C3,16,-3.7773436307907104
F11,17,C3,16,4.086181581020355
F11,18,C3,16,3.277122378349304
F11,19,C3,16,4.46981817483902
F11,20,C3,16,5.9843748807907104
F11,21,C3,16,6.430663913488388
F11,22,C3,16,5.988281279802322
F11,23,C3,16,8.451049774885178
F11,24,C3,16,8.64599609375
F11,25,C3,16,16.908203125
F11,26,C3,16,26.724609375
F11,27,C3,16,24.91015625
F11,28,C3,16,22.90234375
F11,29,C3,16,27.59765625
F11,30,C3,16,16.83984375
F11,31,C3,16,17.19140625
F11,32,C3,16,7.453125
F12,0,C3,16,-2.26171875
F12,1,C3,16,-2.046142578125
F12,2,C3,16,-2.1695480346679688
F12,3,C3,16,-2.0309906005859375
F12,4,C3,16,-2.271484375
F12,5,C3,16,-2.191162109375
F12,6,C3,16,-1.91259765625
F12,7,C3,16,-2.5571290254592896
F12,8,C3,16,-0.42309558391571045
F12,9,C3,16,-2.29345703125
F12,10,C3,16,-1.0971680879592896
F12,11,C3,16,-0.25488293170928955
F12,12,C3,16,4.211517333984375
F12,13,C3,16,2.0880125761032104
F12,14,C3,16,2.8232420682907104
F12,15,C3,16,-3.0687255859375
F12,16,C3,16,-0.20306396484375
F12,17,C3,16,1.145736813545227
F12,18,C3,16,-0.09594732522964478
F12,19,C3,16,1.6157227158546448
F12,20,C3,16,2.0819091796875
F12,21,C3,16,1.8525391817092896
F12,22,C3,16,1.3857421278953552
F12,23,C3,16,6.325195282697678
F12,24,C3,16,8.212890669703484
F12,25,C3,16,12.636718690395355
F12,26,C3,16,10.976562440395355
F12,27,C3,16,17.9921875
F12,28,C3,16,17.01171875
F12,29,C3,16,23.14453125
F12,30,C3,16,14.7890625
F12,31,C3,16,17.226562589406967
F12,32,C3,16,6.281249970197678
